"MEASURE","Measure","REGIONTYPE","Geography Level","LGA_2016","Region","FREQUENCY","FREQUENCY","TIME","TIME","Value","Flag Codes","Flags"
"ERP","Estimated Resident Population","LGA2016","Local Government Areas (2016)","0","Australia","A","Annual","2009","2009",21691653,,
"ERP","Estimated Resident Population","LGA2016","Local Government Areas (2016)","1","New South Wales","A","Annual","2009","2009",7053755,,
"ERP","Estimated Resident Population","LGA2016","Local Government Areas (2016)","10050","Albury (C)","A","Annual","2009","2009",48814,,
"ERP","Estimated Resident Population","LGA2016","Local Government Areas (2016)","10130","Armidale Regional (A)","A","Annual","2009","2009",29281,,
"ERP","Estimated Resident Population","LGA2016","Local Government Areas (2016)","10250","Ballina (A)","A","Annual","2009","2009",40295,,
"ERP","Estimated Resident Population","LGA2016","Local Government Areas (2016)","10300","Balranald (A)","A","Annual","2009","2009",2404,,
"ERP","Estimated Resident Population","LGA2016","Local Government Areas (2016)","10470","Bathurst Regional (A)","A","Annual","2009","2009",38848,,
"ERP","Estimated Resident Population","LGA2016","Local Government Areas (2016)","10550","Bega Valley (A)","A","Annual","2009","2009",32620,,
"ERP","Estimated Resident Population","LGA2016","Local Government Areas (2016)","10600","Bellingen (A)","A","Annual","2009","2009",12837,,
"ERP","Estimated Resident Population","LGA2016","Local Government Areas (2016)","10650","Berrigan (A)","A","Annual","2009","2009",8282,,
"ERP","Estimated Resident Population","LGA2016","Local Government Areas (2016)","10750","Blacktown (C)","A","Annual","2009","2009",299450,,
"ERP","Estimated Resident Population","LGA2016","Local Government Areas (2016)","10800","Bland (A)","A","Annual","2009","2009",6101,,
"ERP","Estimated Resident Population","LGA2016","Local Government Areas (2016)","10850","Blayney (A)","A","Annual","2009","2009",7041,,
"ERP","Estimated Resident Population","LGA2016","Local Government Areas (2016)","10900","Blue Mountains (C)","A","Annual","2009","2009",77869,,
"ERP","Estimated Resident Population","LGA2016","Local Government Areas (2016)","10950","Bogan (A)","A","Annual","2009","2009",2999,,
"ERP","Estimated Resident Population","LGA2016","Local Government Areas (2016)","11100","Botany Bay (C)","A","Annual","2009","2009",40026,,
"ERP","Estimated Resident Population","LGA2016","Local Government Areas (2016)","11150","Bourke (A)","A","Annual","2009","2009",3013,,
"ERP","Estimated Resident Population","LGA2016","Local Government Areas (2016)","11200","Brewarrina (A)","A","Annual","2009","2009",1900,,
"ERP","Estimated Resident Population","LGA2016","Local Government Areas (2016)","11250","Broken Hill (C)","A","Annual","2009","2009",19421,,
"ERP","Estimated Resident Population","LGA2016","Local Government Areas (2016)","11300","Burwood (A)","A","Annual","2009","2009",33708,,
"ERP","Estimated Resident Population","LGA2016","Local Government Areas (2016)","11350","Byron (A)","A","Annual","2009","2009",30537,,
"ERP","Estimated Resident Population","LGA2016","Local Government Areas (2016)","11400","Cabonne (A)","A","Annual","2009","2009",12929,,
"ERP","Estimated Resident Population","LGA2016","Local Government Areas (2016)","11450","Camden (A)","A","Annual","2009","2009",55377,,
"ERP","Estimated Resident Population","LGA2016","Local Government Areas (2016)","11500","Campbelltown (C) (NSW)","A","Annual","2009","2009",149986,,
"ERP","Estimated Resident Population","LGA2016","Local Government Areas (2016)","11520","Canada Bay (A)","A","Annual","2009","2009",75332,,
"ERP","Estimated Resident Population","LGA2016","Local Government Areas (2016)","11570","Canterbury-Bankstown (A)","A","Annual","2009","2009",327793,,
"ERP","Estimated Resident Population","LGA2016","Local Government Areas (2016)","11600","Carrathool (A)","A","Annual","2009","2009",2778,,
"ERP","Estimated Resident Population","LGA2016","Local Government Areas (2016)","11650","Central Coast (C) (NSW)","A","Annual","2009","2009",316796,,
"ERP","Estimated Resident Population","LGA2016","Local Government Areas (2016)","11700","Central Darling (A)","A","Annual","2009","2009",2029,,
"ERP","Estimated Resident Population","LGA2016","Local Government Areas (2016)","11720","Cessnock (C)","A","Annual","2009","2009",50218,,
"ERP","Estimated Resident Population","LGA2016","Local Government Areas (2016)","11730","Clarence Valley (A)","A","Annual","2009","2009",50433,,
"ERP","Estimated Resident Population","LGA2016","Local Government Areas (2016)","11750","Cobar (A)","A","Annual","2009","2009",4954,,
"ERP","Estimated Resident Population","LGA2016","Local Government Areas (2016)","11800","Coffs Harbour (C)","A","Annual","2009","2009",69358,,
"ERP","Estimated Resident Population","LGA2016","Local Government Areas (2016)","12000","Coolamon (A)","A","Annual","2009","2009",4187,,
"ERP","Estimated Resident Population","LGA2016","Local Government Areas (2016)","12150","Coonamble (A)","A","Annual","2009","2009",4223,,
"ERP","Estimated Resident Population","LGA2016","Local Government Areas (2016)","12350","Cowra (A)","A","Annual","2009","2009",12548,,
"ERP","Estimated Resident Population","LGA2016","Local Government Areas (2016)","12380","Cumberland (A)","A","Annual","2009","2009",195643,,
"ERP","Estimated Resident Population","LGA2016","Local Government Areas (2016)","12700","Dungog (A)","A","Annual","2009","2009",8415,,
"ERP","Estimated Resident Population","LGA2016","Local Government Areas (2016)","12730","Edward River (A)","A","Annual","2009","2009",9072,,
"ERP","Estimated Resident Population","LGA2016","Local Government Areas (2016)","12750","Eurobodalla (A)","A","Annual","2009","2009",36462,,
"ERP","Estimated Resident Population","LGA2016","Local Government Areas (2016)","12850","Fairfield (C)","A","Annual","2009","2009",193557,,
"ERP","Estimated Resident Population","LGA2016","Local Government Areas (2016)","12870","Federation (A)","A","Annual","2009","2009",12515,,
"ERP","Estimated Resident Population","LGA2016","Local Government Areas (2016)","12900","Forbes (A)","A","Annual","2009","2009",9562,,
"ERP","Estimated Resident Population","LGA2016","Local Government Areas (2016)","12930","Georges River (A)","A","Annual","2009","2009",137979,,
"ERP","Estimated Resident Population","LGA2016","Local Government Areas (2016)","12950","Gilgandra (A)","A","Annual","2009","2009",4498,,
"ERP","Estimated Resident Population","LGA2016","Local Government Areas (2016)","13010","Glen Innes Severn (A)","A","Annual","2009","2009",8926,,
"ERP","Estimated Resident Population","LGA2016","Local Government Areas (2016)","13310","Goulburn Mulwaree (A)","A","Annual","2009","2009",27654,,
"ERP","Estimated Resident Population","LGA2016","Local Government Areas (2016)","13340","Greater Hume Shire (A)","A","Annual","2009","2009",10009,,
"ERP","Estimated Resident Population","LGA2016","Local Government Areas (2016)","13450","Griffith (C)","A","Annual","2009","2009",25100,,
"ERP","Estimated Resident Population","LGA2016","Local Government Areas (2016)","13510","Gundagai (A)","A","Annual","2009","2009",11230,,
"ERP","Estimated Resident Population","LGA2016","Local Government Areas (2016)","13550","Gunnedah (A)","A","Annual","2009","2009",12151,,
"ERP","Estimated Resident Population","LGA2016","Local Government Areas (2016)","13660","Gwydir (A)","A","Annual","2009","2009",5167,,
"ERP","Estimated Resident Population","LGA2016","Local Government Areas (2016)","13800","Hawkesbury (C)","A","Annual","2009","2009",63618,,
"ERP","Estimated Resident Population","LGA2016","Local Government Areas (2016)","13850","Hay (A)","A","Annual","2009","2009",3209,,
"ERP","Estimated Resident Population","LGA2016","Local Government Areas (2016)","13910","Hilltops (A)","A","Annual","2009","2009",18467,,
"ERP","Estimated Resident Population","LGA2016","Local Government Areas (2016)","14000","Hornsby (A)","A","Annual","2009","2009",141117,,
"ERP","Estimated Resident Population","LGA2016","Local Government Areas (2016)","14100","Hunters Hill (A)","A","Annual","2009","2009",13835,,
"ERP","Estimated Resident Population","LGA2016","Local Government Areas (2016)","14170","Inner West (A)","A","Annual","2009","2009",176106,,
"ERP","Estimated Resident Population","LGA2016","Local Government Areas (2016)","14200","Inverell (A)","A","Annual","2009","2009",16320,,
"ERP","Estimated Resident Population","LGA2016","Local Government Areas (2016)","14300","Junee (A)","A","Annual","2009","2009",6054,,
"ERP","Estimated Resident Population","LGA2016","Local Government Areas (2016)","14350","Kempsey (A)","A","Annual","2009","2009",28775,,
"ERP","Estimated Resident Population","LGA2016","Local Government Areas (2016)","14400","Kiama (A)","A","Annual","2009","2009",20219,,
"ERP","Estimated Resident Population","LGA2016","Local Government Areas (2016)","14500","Ku-ring-gai (A)","A","Annual","2009","2009",110464,,
"ERP","Estimated Resident Population","LGA2016","Local Government Areas (2016)","14550","Kyogle (A)","A","Annual","2009","2009",9514,,
"ERP","Estimated Resident Population","LGA2016","Local Government Areas (2016)","14600","Lachlan (A)","A","Annual","2009","2009",6678,,
"ERP","Estimated Resident Population","LGA2016","Local Government Areas (2016)","14650","Lake Macquarie (C)","A","Annual","2009","2009",193585,,
"ERP","Estimated Resident Population","LGA2016","Local Government Areas (2016)","14700","Lane Cove (A)","A","Annual","2009","2009",32308,,
"ERP","Estimated Resident Population","LGA2016","Local Government Areas (2016)","14750","Leeton (A)","A","Annual","2009","2009",11461,,
"ERP","Estimated Resident Population","LGA2016","Local Government Areas (2016)","14850","Lismore (C)","A","Annual","2009","2009",43940,,
"ERP","Estimated Resident Population","LGA2016","Local Government Areas (2016)","14870","Lithgow (C)","A","Annual","2009","2009",20621,,
"ERP","Estimated Resident Population","LGA2016","Local Government Areas (2016)","14900","Liverpool (C)","A","Annual","2009","2009",181712,,
"ERP","Estimated Resident Population","LGA2016","Local Government Areas (2016)","14920","Liverpool Plains (A)","A","Annual","2009","2009",7718,,
"ERP","Estimated Resident Population","LGA2016","Local Government Areas (2016)","14950","Lockhart (A)","A","Annual","2009","2009",3159,,
"ERP","Estimated Resident Population","LGA2016","Local Government Areas (2016)","15050","Maitland (C)","A","Annual","2009","2009",67268,,
"ERP","Estimated Resident Population","LGA2016","Local Government Areas (2016)","15240","Mid-Coast (A)","A","Annual","2009","2009",86942,,
"ERP","Estimated Resident Population","LGA2016","Local Government Areas (2016)","15270","Mid-Western Regional (A)","A","Annual","2009","2009",22469,,
"ERP","Estimated Resident Population","LGA2016","Local Government Areas (2016)","15300","Moree Plains (A)","A","Annual","2009","2009",14019,,
"ERP","Estimated Resident Population","LGA2016","Local Government Areas (2016)","15350","Mosman (A)","A","Annual","2009","2009",28761,,
"ERP","Estimated Resident Population","LGA2016","Local Government Areas (2016)","15520","Murray River (A)","A","Annual","2009","2009",11226,,
"ERP","Estimated Resident Population","LGA2016","Local Government Areas (2016)","15560","Murrumbidgee (A)","A","Annual","2009","2009",3992,,
"ERP","Estimated Resident Population","LGA2016","Local Government Areas (2016)","15650","Muswellbrook (A)","A","Annual","2009","2009",15878,,
"ERP","Estimated Resident Population","LGA2016","Local Government Areas (2016)","15700","Nambucca (A)","A","Annual","2009","2009",18892,,
"ERP","Estimated Resident Population","LGA2016","Local Government Areas (2016)","15750","Narrabri (A)","A","Annual","2009","2009",13349,,
"ERP","Estimated Resident Population","LGA2016","Local Government Areas (2016)","15800","Narrandera (A)","A","Annual","2009","2009",6093,,
"ERP","Estimated Resident Population","LGA2016","Local Government Areas (2016)","15850","Narromine (A)","A","Annual","2009","2009",6748,,
"ERP","Estimated Resident Population","LGA2016","Local Government Areas (2016)","15900","Newcastle (C)","A","Annual","2009","2009",151895,,
"ERP","Estimated Resident Population","LGA2016","Local Government Areas (2016)","15950","North Sydney (A)","A","Annual","2009","2009",64762,,
"ERP","Estimated Resident Population","LGA2016","Local Government Areas (2016)","15990","Northern Beaches (A)","A","Annual","2009","2009",244500,,
"ERP","Estimated Resident Population","LGA2016","Local Government Areas (2016)","16100","Oberon (A)","A","Annual","2009","2009",5192,,
"ERP","Estimated Resident Population","LGA2016","Local Government Areas (2016)","16150","Orange (C)","A","Annual","2009","2009",37904,,
"ERP","Estimated Resident Population","LGA2016","Local Government Areas (2016)","16200","Parkes (A)","A","Annual","2009","2009",14835,,
"ERP","Estimated Resident Population","LGA2016","Local Government Areas (2016)","16260","Parramatta (C)","A","Annual","2009","2009",195136,,
"ERP","Estimated Resident Population","LGA2016","Local Government Areas (2016)","16350","Penrith (C)","A","Annual","2009","2009",181901,,
"ERP","Estimated Resident Population","LGA2016","Local Government Areas (2016)","16380","Port Macquarie-Hastings (A)","A","Annual","2009","2009",73317,,
"ERP","Estimated Resident Population","LGA2016","Local Government Areas (2016)","16400","Port Stephens (A)","A","Annual","2009","2009",65521,,
"ERP","Estimated Resident Population","LGA2016","Local Government Areas (2016)","16490","Queanbeyan-Palerang Regional (A)","A","Annual","2009","2009",53190,,
"ERP","Estimated Resident Population","LGA2016","Local Government Areas (2016)","16550","Randwick (C)","A","Annual","2009","2009",133975,,
"ERP","Estimated Resident Population","LGA2016","Local Government Areas (2016)","16610","Richmond Valley (A)","A","Annual","2009","2009",22417,,
"ERP","Estimated Resident Population","LGA2016","Local Government Areas (2016)","16650","Rockdale (C)","A","Annual","2009","2009",102501,,
"ERP","Estimated Resident Population","LGA2016","Local Government Areas (2016)","16700","Ryde (C)","A","Annual","2009","2009",105983,,
"ERP","Estimated Resident Population","LGA2016","Local Government Areas (2016)","16900","Shellharbour (C)","A","Annual","2009","2009",64778,,
"ERP","Estimated Resident Population","LGA2016","Local Government Areas (2016)","16950","Shoalhaven (C)","A","Annual","2009","2009",93754,,
"ERP","Estimated Resident Population","LGA2016","Local Government Areas (2016)","17000","Singleton (A)","A","Annual","2009","2009",23063,,
"ERP","Estimated Resident Population","LGA2016","Local Government Areas (2016)","17040","Snowy Monaro Regional (A)","A","Annual","2009","2009",20241,,
"ERP","Estimated Resident Population","LGA2016","Local Government Areas (2016)","17080","Snowy Valleys (A)","A","Annual","2009","2009",14647,,
"ERP","Estimated Resident Population","LGA2016","Local Government Areas (2016)","17100","Strathfield (A)","A","Annual","2009","2009",36592,,
"ERP","Estimated Resident Population","LGA2016","Local Government Areas (2016)","17150","Sutherland Shire (A)","A","Annual","2009","2009",219065,,
"ERP","Estimated Resident Population","LGA2016","Local Government Areas (2016)","17200","Sydney (C)","A","Annual","2009","2009",177150,,
"ERP","Estimated Resident Population","LGA2016","Local Government Areas (2016)","17310","Tamworth Regional (A)","A","Annual","2009","2009",56814,,
"ERP","Estimated Resident Population","LGA2016","Local Government Areas (2016)","17350","Temora (A)","A","Annual","2009","2009",5936,,
"ERP","Estimated Resident Population","LGA2016","Local Government Areas (2016)","17400","Tenterfield (A)","A","Annual","2009","2009",6882,,
"ERP","Estimated Resident Population","LGA2016","Local Government Areas (2016)","17420","The Hills Shire (A)","A","Annual","2009","2009",144388,,
"ERP","Estimated Resident Population","LGA2016","Local Government Areas (2016)","17550","Tweed (A)","A","Annual","2009","2009",86539,,
"ERP","Estimated Resident Population","LGA2016","Local Government Areas (2016)","17620","Upper Hunter Shire (A)","A","Annual","2009","2009",13801,,
"ERP","Estimated Resident Population","LGA2016","Local Government Areas (2016)","17640","Upper Lachlan Shire (A)","A","Annual","2009","2009",7333,,
"ERP","Estimated Resident Population","LGA2016","Local Government Areas (2016)","17650","Uralla (A)","A","Annual","2009","2009",6129,,
"ERP","Estimated Resident Population","LGA2016","Local Government Areas (2016)","17750","Wagga Wagga (C)","A","Annual","2009","2009",61061,,
"ERP","Estimated Resident Population","LGA2016","Local Government Areas (2016)","17850","Walcha (A)","A","Annual","2009","2009",3154,,
"ERP","Estimated Resident Population","LGA2016","Local Government Areas (2016)","17900","Walgett (A)","A","Annual","2009","2009",6914,,
"ERP","Estimated Resident Population","LGA2016","Local Government Areas (2016)","17950","Warren (A)","A","Annual","2009","2009",2807,,
"ERP","Estimated Resident Population","LGA2016","Local Government Areas (2016)","18020","Warrumbungle Shire (A)","A","Annual","2009","2009",9930,,
"ERP","Estimated Resident Population","LGA2016","Local Government Areas (2016)","18050","Waverley (A)","A","Annual","2009","2009",67394,,
"ERP","Estimated Resident Population","LGA2016","Local Government Areas (2016)","18100","Weddin (A)","A","Annual","2009","2009",3720,,
"ERP","Estimated Resident Population","LGA2016","Local Government Areas (2016)","18200","Wentworth (A)","A","Annual","2009","2009",6932,,
"ERP","Estimated Resident Population","LGA2016","Local Government Areas (2016)","18230","Western Plains Regional (A)","A","Annual","2009","2009",48466,,
"ERP","Estimated Resident Population","LGA2016","Local Government Areas (2016)","18250","Willoughby (C)","A","Annual","2009","2009",69512,,
"ERP","Estimated Resident Population","LGA2016","Local Government Areas (2016)","18350","Wingecarribee (A)","A","Annual","2009","2009",45165,,
"ERP","Estimated Resident Population","LGA2016","Local Government Areas (2016)","18400","Wollondilly (A)","A","Annual","2009","2009",43145,,
"ERP","Estimated Resident Population","LGA2016","Local Government Areas (2016)","18450","Wollongong (C)","A","Annual","2009","2009",197887,,
"ERP","Estimated Resident Population","LGA2016","Local Government Areas (2016)","18500","Woollahra (A)","A","Annual","2009","2009",54862,,
"ERP","Estimated Resident Population","LGA2016","Local Government Areas (2016)","18710","Yass Valley (A)","A","Annual","2009","2009",14714,,
"ERP","Estimated Resident Population","LGA2016","Local Government Areas (2016)","19399","Unincorporated NSW","A","Annual","2009","2009",1107,,
"ERP","Estimated Resident Population","LGA2016","Local Government Areas (2016)","2","Victoria","A","Annual","2009","2009",5371934,,
"ERP","Estimated Resident Population","LGA2016","Local Government Areas (2016)","20110","Alpine (S)","A","Annual","2009","2009",12112,,
"ERP","Estimated Resident Population","LGA2016","Local Government Areas (2016)","20260","Ararat (RC)","A","Annual","2009","2009",11332,,
"ERP","Estimated Resident Population","LGA2016","Local Government Areas (2016)","20570","Ballarat (C)","A","Annual","2009","2009",91390,,
"ERP","Estimated Resident Population","LGA2016","Local Government Areas (2016)","20660","Banyule (C)","A","Annual","2009","2009",122248,,
"ERP","Estimated Resident Population","LGA2016","Local Government Areas (2016)","20740","Bass Coast (S)","A","Annual","2009","2009",28561,,
"ERP","Estimated Resident Population","LGA2016","Local Government Areas (2016)","20830","Baw Baw (S)","A","Annual","2009","2009",40516,,
"ERP","Estimated Resident Population","LGA2016","Local Government Areas (2016)","20910","Bayside (C)","A","Annual","2009","2009",94850,,
"ERP","Estimated Resident Population","LGA2016","Local Government Areas (2016)","21010","Benalla (RC)","A","Annual","2009","2009",13796,,
"ERP","Estimated Resident Population","LGA2016","Local Government Areas (2016)","21110","Boroondara (C)","A","Annual","2009","2009",165284,,
"ERP","Estimated Resident Population","LGA2016","Local Government Areas (2016)","21180","Brimbank (C)","A","Annual","2009","2009",185397,,
"ERP","Estimated Resident Population","LGA2016","Local Government Areas (2016)","21270","Buloke (S)","A","Annual","2009","2009",6751,,
"ERP","Estimated Resident Population","LGA2016","Local Government Areas (2016)","21370","Campaspe (S)","A","Annual","2009","2009",37021,,
"ERP","Estimated Resident Population","LGA2016","Local Government Areas (2016)","21450","Cardinia (S)","A","Annual","2009","2009",67889,,
"ERP","Estimated Resident Population","LGA2016","Local Government Areas (2016)","21610","Casey (C)","A","Annual","2009","2009",246678,,
"ERP","Estimated Resident Population","LGA2016","Local Government Areas (2016)","21670","Central Goldfields (S)","A","Annual","2009","2009",12587,,
"ERP","Estimated Resident Population","LGA2016","Local Government Areas (2016)","21750","Colac-Otway (S)","A","Annual","2009","2009",20844,,
"ERP","Estimated Resident Population","LGA2016","Local Government Areas (2016)","21830","Corangamite (S)","A","Annual","2009","2009",16623,,
"ERP","Estimated Resident Population","LGA2016","Local Government Areas (2016)","21890","Darebin (C)","A","Annual","2009","2009",140289,,
"ERP","Estimated Resident Population","LGA2016","Local Government Areas (2016)","22110","East Gippsland (S)","A","Annual","2009","2009",41904,,
"ERP","Estimated Resident Population","LGA2016","Local Government Areas (2016)","22170","Frankston (C)","A","Annual","2009","2009",127252,,
"ERP","Estimated Resident Population","LGA2016","Local Government Areas (2016)","22250","Gannawarra (S)","A","Annual","2009","2009",10923,,
"ERP","Estimated Resident Population","LGA2016","Local Government Areas (2016)","22310","Glen Eira (C)","A","Annual","2009","2009",135414,,
"ERP","Estimated Resident Population","LGA2016","Local Government Areas (2016)","22410","Glenelg (S)","A","Annual","2009","2009",19995,,
"ERP","Estimated Resident Population","LGA2016","Local Government Areas (2016)","22490","Golden Plains (S)","A","Annual","2009","2009",17941,,
"ERP","Estimated Resident Population","LGA2016","Local Government Areas (2016)","22620","Greater Bendigo (C)","A","Annual","2009","2009",99003,,
"ERP","Estimated Resident Population","LGA2016","Local Government Areas (2016)","22670","Greater Dandenong (C)","A","Annual","2009","2009",138740,,
"ERP","Estimated Resident Population","LGA2016","Local Government Areas (2016)","22750","Greater Geelong (C)","A","Annual","2009","2009",209429,,
"ERP","Estimated Resident Population","LGA2016","Local Government Areas (2016)","22830","Greater Shepparton (C)","A","Annual","2009","2009",60758,,
"ERP","Estimated Resident Population","LGA2016","Local Government Areas (2016)","22910","Hepburn (S)","A","Annual","2009","2009",14416,,
"ERP","Estimated Resident Population","LGA2016","Local Government Areas (2016)","22980","Hindmarsh (S)","A","Annual","2009","2009",6025,,
"ERP","Estimated Resident Population","LGA2016","Local Government Areas (2016)","23110","Hobsons Bay (C)","A","Annual","2009","2009",86767,,
"ERP","Estimated Resident Population","LGA2016","Local Government Areas (2016)","23190","Horsham (RC)","A","Annual","2009","2009",19243,,
"ERP","Estimated Resident Population","LGA2016","Local Government Areas (2016)","23270","Hume (C)","A","Annual","2009","2009",166728,,
"ERP","Estimated Resident Population","LGA2016","Local Government Areas (2016)","23350","Indigo (S)","A","Annual","2009","2009",15223,,
"ERP","Estimated Resident Population","LGA2016","Local Government Areas (2016)","23430","Kingston (C) (Vic.)","A","Annual","2009","2009",146050,,
"ERP","Estimated Resident Population","LGA2016","Local Government Areas (2016)","23670","Knox (C)","A","Annual","2009","2009",154122,,
"ERP","Estimated Resident Population","LGA2016","Local Government Areas (2016)","23810","Latrobe (C) (Vic.)","A","Annual","2009","2009",72306,,
"ERP","Estimated Resident Population","LGA2016","Local Government Areas (2016)","23940","Loddon (S)","A","Annual","2009","2009",7741,,
"ERP","Estimated Resident Population","LGA2016","Local Government Areas (2016)","24130","Macedon Ranges (S)","A","Annual","2009","2009",41582,,
"ERP","Estimated Resident Population","LGA2016","Local Government Areas (2016)","24210","Manningham (C)","A","Annual","2009","2009",116372,,
"ERP","Estimated Resident Population","LGA2016","Local Government Areas (2016)","24250","Mansfield (S)","A","Annual","2009","2009",7754,,
"ERP","Estimated Resident Population","LGA2016","Local Government Areas (2016)","24330","Maribyrnong (C)","A","Annual","2009","2009",71872,,
"ERP","Estimated Resident Population","LGA2016","Local Government Areas (2016)","24410","Maroondah (C)","A","Annual","2009","2009",106011,,
"ERP","Estimated Resident Population","LGA2016","Local Government Areas (2016)","24600","Melbourne (C)","A","Annual","2009","2009",94247,,
"ERP","Estimated Resident Population","LGA2016","Local Government Areas (2016)","24650","Melton (C)","A","Annual","2009","2009",99935,,
"ERP","Estimated Resident Population","LGA2016","Local Government Areas (2016)","24780","Mildura (RC)","A","Annual","2009","2009",51373,,
"ERP","Estimated Resident Population","LGA2016","Local Government Areas (2016)","24850","Mitchell (S)","A","Annual","2009","2009",32897,,
"ERP","Estimated Resident Population","LGA2016","Local Government Areas (2016)","24900","Moira (S)","A","Annual","2009","2009",28140,,
"ERP","Estimated Resident Population","LGA2016","Local Government Areas (2016)","24970","Monash (C)","A","Annual","2009","2009",174398,,
"ERP","Estimated Resident Population","LGA2016","Local Government Areas (2016)","25060","Moonee Valley (C)","A","Annual","2009","2009",110367,,
"ERP","Estimated Resident Population","LGA2016","Local Government Areas (2016)","25150","Moorabool (S)","A","Annual","2009","2009",27453,,
"ERP","Estimated Resident Population","LGA2016","Local Government Areas (2016)","25250","Moreland (C)","A","Annual","2009","2009",150114,,
"ERP","Estimated Resident Population","LGA2016","Local Government Areas (2016)","25340","Mornington Peninsula (S)","A","Annual","2009","2009",147002,,
"ERP","Estimated Resident Population","LGA2016","Local Government Areas (2016)","25430","Mount Alexander (S)","A","Annual","2009","2009",17683,,
"ERP","Estimated Resident Population","LGA2016","Local Government Areas (2016)","25490","Moyne (S)","A","Annual","2009","2009",15976,,
"ERP","Estimated Resident Population","LGA2016","Local Government Areas (2016)","25620","Murrindindi (S)","A","Annual","2009","2009",13352,,
"ERP","Estimated Resident Population","LGA2016","Local Government Areas (2016)","25710","Nillumbik (S)","A","Annual","2009","2009",62785,,
"ERP","Estimated Resident Population","LGA2016","Local Government Areas (2016)","25810","Northern Grampians (S)","A","Annual","2009","2009",12117,,
"ERP","Estimated Resident Population","LGA2016","Local Government Areas (2016)","25900","Port Phillip (C)","A","Annual","2009","2009",95272,,
"ERP","Estimated Resident Population","LGA2016","Local Government Areas (2016)","25990","Pyrenees (S)","A","Annual","2009","2009",6721,,
"ERP","Estimated Resident Population","LGA2016","Local Government Areas (2016)","26080","Queenscliffe (B)","A","Annual","2009","2009",3065,,
"ERP","Estimated Resident Population","LGA2016","Local Government Areas (2016)","26170","South Gippsland (S)","A","Annual","2009","2009",26903,,
"ERP","Estimated Resident Population","LGA2016","Local Government Areas (2016)","26260","Southern Grampians (S)","A","Annual","2009","2009",16822,,
"ERP","Estimated Resident Population","LGA2016","Local Government Areas (2016)","26350","Stonnington (C)","A","Annual","2009","2009",98186,,
"ERP","Estimated Resident Population","LGA2016","Local Government Areas (2016)","26430","Strathbogie (S)","A","Annual","2009","2009",9564,,
"ERP","Estimated Resident Population","LGA2016","Local Government Areas (2016)","26490","Surf Coast (S)","A","Annual","2009","2009",25052,,
"ERP","Estimated Resident Population","LGA2016","Local Government Areas (2016)","26610","Swan Hill (RC)","A","Annual","2009","2009",21043,,
"ERP","Estimated Resident Population","LGA2016","Local Government Areas (2016)","26670","Towong (S)","A","Annual","2009","2009",6050,,
"ERP","Estimated Resident Population","LGA2016","Local Government Areas (2016)","26700","Wangaratta (RC)","A","Annual","2009","2009",27111,,
"ERP","Estimated Resident Population","LGA2016","Local Government Areas (2016)","26730","Warrnambool (C)","A","Annual","2009","2009",32036,,
"ERP","Estimated Resident Population","LGA2016","Local Government Areas (2016)","26810","Wellington (S)","A","Annual","2009","2009",41506,,
"ERP","Estimated Resident Population","LGA2016","Local Government Areas (2016)","26890","West Wimmera (S)","A","Annual","2009","2009",4427,,
"ERP","Estimated Resident Population","LGA2016","Local Government Areas (2016)","26980","Whitehorse (C)","A","Annual","2009","2009",155959,,
"ERP","Estimated Resident Population","LGA2016","Local Government Areas (2016)","27070","Whittlesea (C)","A","Annual","2009","2009",145445,,
"ERP","Estimated Resident Population","LGA2016","Local Government Areas (2016)","27170","Wodonga (C)","A","Annual","2009","2009",34654,,
"ERP","Estimated Resident Population","LGA2016","Local Government Areas (2016)","27260","Wyndham (C)","A","Annual","2009","2009",143405,,
"ERP","Estimated Resident Population","LGA2016","Local Government Areas (2016)","27350","Yarra (C)","A","Annual","2009","2009",77311,,
"ERP","Estimated Resident Population","LGA2016","Local Government Areas (2016)","27450","Yarra Ranges (S)","A","Annual","2009","2009",147663,,
"ERP","Estimated Resident Population","LGA2016","Local Government Areas (2016)","27630","Yarriambiack (S)","A","Annual","2009","2009",7412,,
"ERP","Estimated Resident Population","LGA2016","Local Government Areas (2016)","29399","Unincorporated Vic","A","Annual","2009","2009",749,,
"ERP","Estimated Resident Population","LGA2016","Local Government Areas (2016)","3","Queensland","A","Annual","2009","2009",4328771,,
"ERP","Estimated Resident Population","LGA2016","Local Government Areas (2016)","30250","Aurukun (S)","A","Annual","2009","2009",1315,,
"ERP","Estimated Resident Population","LGA2016","Local Government Areas (2016)","30300","Balonne (S)","A","Annual","2009","2009",4813,,
"ERP","Estimated Resident Population","LGA2016","Local Government Areas (2016)","30370","Banana (S)","A","Annual","2009","2009",14941,,
"ERP","Estimated Resident Population","LGA2016","Local Government Areas (2016)","30410","Barcaldine (R)","A","Annual","2009","2009",3303,,
"ERP","Estimated Resident Population","LGA2016","Local Government Areas (2016)","30450","Barcoo (S)","A","Annual","2009","2009",360,,
"ERP","Estimated Resident Population","LGA2016","Local Government Areas (2016)","30760","Blackall-Tambo (R)","A","Annual","2009","2009",2171,,
"ERP","Estimated Resident Population","LGA2016","Local Government Areas (2016)","30900","Boulia (S)","A","Annual","2009","2009",456,,
"ERP","Estimated Resident Population","LGA2016","Local Government Areas (2016)","31000","Brisbane (C)","A","Annual","2009","2009",1057692,,
"ERP","Estimated Resident Population","LGA2016","Local Government Areas (2016)","31750","Bulloo (S)","A","Annual","2009","2009",390,,
"ERP","Estimated Resident Population","LGA2016","Local Government Areas (2016)","31820","Bundaberg (R)","A","Annual","2009","2009",90335,,
"ERP","Estimated Resident Population","LGA2016","Local Government Areas (2016)","31900","Burdekin (S)","A","Annual","2009","2009",17776,,
"ERP","Estimated Resident Population","LGA2016","Local Government Areas (2016)","31950","Burke (S)","A","Annual","2009","2009",543,,
"ERP","Estimated Resident Population","LGA2016","Local Government Areas (2016)","32080","Cairns (R)","A","Annual","2009","2009",145962,,
"ERP","Estimated Resident Population","LGA2016","Local Government Areas (2016)","32250","Carpentaria (S)","A","Annual","2009","2009",2136,,
"ERP","Estimated Resident Population","LGA2016","Local Government Areas (2016)","32260","Cassowary Coast (R)","A","Annual","2009","2009",28761,,
"ERP","Estimated Resident Population","LGA2016","Local Government Areas (2016)","32270","Central Highlands (R) (Qld)","A","Annual","2009","2009",28714,,
"ERP","Estimated Resident Population","LGA2016","Local Government Areas (2016)","32310","Charters Towers (R)","A","Annual","2009","2009",12239,,
"ERP","Estimated Resident Population","LGA2016","Local Government Areas (2016)","32330","Cherbourg (S)","A","Annual","2009","2009",1222,,
"ERP","Estimated Resident Population","LGA2016","Local Government Areas (2016)","32450","Cloncurry (S)","A","Annual","2009","2009",3304,,
"ERP","Estimated Resident Population","LGA2016","Local Government Areas (2016)","32500","Cook (S)","A","Annual","2009","2009",3988,,
"ERP","Estimated Resident Population","LGA2016","Local Government Areas (2016)","32600","Croydon (S)","A","Annual","2009","2009",307,,
"ERP","Estimated Resident Population","LGA2016","Local Government Areas (2016)","32750","Diamantina (S)","A","Annual","2009","2009",296,,
"ERP","Estimated Resident Population","LGA2016","Local Government Areas (2016)","32770","Doomadgee (S)","A","Annual","2009","2009",1273,,
"ERP","Estimated Resident Population","LGA2016","Local Government Areas (2016)","32810","Douglas (S)","A","Annual","2009","2009",11116,,
"ERP","Estimated Resident Population","LGA2016","Local Government Areas (2016)","33100","Etheridge (S)","A","Annual","2009","2009",927,,
"ERP","Estimated Resident Population","LGA2016","Local Government Areas (2016)","33200","Flinders (S) (Qld)","A","Annual","2009","2009",1834,,
"ERP","Estimated Resident Population","LGA2016","Local Government Areas (2016)","33220","Fraser Coast (R)","A","Annual","2009","2009",94813,,
"ERP","Estimated Resident Population","LGA2016","Local Government Areas (2016)","33360","Gladstone (R)","A","Annual","2009","2009",57046,,
"ERP","Estimated Resident Population","LGA2016","Local Government Areas (2016)","33430","Gold Coast (C)","A","Annual","2009","2009",495835,,
"ERP","Estimated Resident Population","LGA2016","Local Government Areas (2016)","33610","Goondiwindi (R)","A","Annual","2009","2009",10722,,
"ERP","Estimated Resident Population","LGA2016","Local Government Areas (2016)","33620","Gympie (R)","A","Annual","2009","2009",45774,,
"ERP","Estimated Resident Population","LGA2016","Local Government Areas (2016)","33800","Hinchinbrook (S)","A","Annual","2009","2009",11829,,
"ERP","Estimated Resident Population","LGA2016","Local Government Areas (2016)","33830","Hope Vale (S)","A","Annual","2009","2009",955,,
"ERP","Estimated Resident Population","LGA2016","Local Government Areas (2016)","33960","Ipswich (C)","A","Annual","2009","2009",161664,,
"ERP","Estimated Resident Population","LGA2016","Local Government Areas (2016)","33980","Isaac (R)","A","Annual","2009","2009",22237,,
"ERP","Estimated Resident Population","LGA2016","Local Government Areas (2016)","34420","Kowanyama (S)","A","Annual","2009","2009",1088,,
"ERP","Estimated Resident Population","LGA2016","Local Government Areas (2016)","34530","Livingstone (S)","A","Annual","2009","2009",32474,,
"ERP","Estimated Resident Population","LGA2016","Local Government Areas (2016)","34570","Lockhart River (S)","A","Annual","2009","2009",554,,
"ERP","Estimated Resident Population","LGA2016","Local Government Areas (2016)","34580","Lockyer Valley (R)","A","Annual","2009","2009",34333,,
"ERP","Estimated Resident Population","LGA2016","Local Government Areas (2016)","34590","Logan (C)","A","Annual","2009","2009",277372,,
"ERP","Estimated Resident Population","LGA2016","Local Government Areas (2016)","34710","Longreach (R)","A","Annual","2009","2009",4219,,
"ERP","Estimated Resident Population","LGA2016","Local Government Areas (2016)","34770","Mackay (R)","A","Annual","2009","2009",111455,,
"ERP","Estimated Resident Population","LGA2016","Local Government Areas (2016)","34800","McKinlay (S)","A","Annual","2009","2009",1011,,
"ERP","Estimated Resident Population","LGA2016","Local Government Areas (2016)","34830","Mapoon (S)","A","Annual","2009","2009",271,,
"ERP","Estimated Resident Population","LGA2016","Local Government Areas (2016)","34860","Maranoa (R)","A","Annual","2009","2009",13113,,
"ERP","Estimated Resident Population","LGA2016","Local Government Areas (2016)","34880","Mareeba (S)","A","Annual","2009","2009",20177,,
"ERP","Estimated Resident Population","LGA2016","Local Government Areas (2016)","35010","Moreton Bay (R)","A","Annual","2009","2009",370447,,
"ERP","Estimated Resident Population","LGA2016","Local Government Areas (2016)","35250","Mornington (S)","A","Annual","2009","2009",1158,,
"ERP","Estimated Resident Population","LGA2016","Local Government Areas (2016)","35300","Mount Isa (C)","A","Annual","2009","2009",21607,,
"ERP","Estimated Resident Population","LGA2016","Local Government Areas (2016)","35600","Murweh (S)","A","Annual","2009","2009",4699,,
"ERP","Estimated Resident Population","LGA2016","Local Government Areas (2016)","35670","Napranum (S)","A","Annual","2009","2009",901,,
"ERP","Estimated Resident Population","LGA2016","Local Government Areas (2016)","35740","Noosa (S)","A","Annual","2009","2009",50315,,
"ERP","Estimated Resident Population","LGA2016","Local Government Areas (2016)","35760","North Burnett (R)","A","Annual","2009","2009",10377,,
"ERP","Estimated Resident Population","LGA2016","Local Government Areas (2016)","35780","Northern Peninsula Area (R)","A","Annual","2009","2009",2273,,
"ERP","Estimated Resident Population","LGA2016","Local Government Areas (2016)","35790","Palm Island (S)","A","Annual","2009","2009",2333,,
"ERP","Estimated Resident Population","LGA2016","Local Government Areas (2016)","35800","Paroo (S)","A","Annual","2009","2009",1909,,
"ERP","Estimated Resident Population","LGA2016","Local Government Areas (2016)","36070","Pormpuraaw (S)","A","Annual","2009","2009",673,,
"ERP","Estimated Resident Population","LGA2016","Local Government Areas (2016)","36150","Quilpie (S)","A","Annual","2009","2009",996,,
"ERP","Estimated Resident Population","LGA2016","Local Government Areas (2016)","36250","Redland (C)","A","Annual","2009","2009",139859,,
"ERP","Estimated Resident Population","LGA2016","Local Government Areas (2016)","36300","Richmond (S)","A","Annual","2009","2009",898,,
"ERP","Estimated Resident Population","LGA2016","Local Government Areas (2016)","36370","Rockhampton (R)","A","Annual","2009","2009",77448,,
"ERP","Estimated Resident Population","LGA2016","Local Government Areas (2016)","36510","Scenic Rim (R)","A","Annual","2009","2009",36525,,
"ERP","Estimated Resident Population","LGA2016","Local Government Areas (2016)","36580","Somerset (R)","A","Annual","2009","2009",21071,,
"ERP","Estimated Resident Population","LGA2016","Local Government Areas (2016)","36630","South Burnett (R)","A","Annual","2009","2009",31173,,
"ERP","Estimated Resident Population","LGA2016","Local Government Areas (2016)","36660","Southern Downs (R)","A","Annual","2009","2009",33976,,
"ERP","Estimated Resident Population","LGA2016","Local Government Areas (2016)","36720","Sunshine Coast (R)","A","Annual","2009","2009",258047,,
"ERP","Estimated Resident Population","LGA2016","Local Government Areas (2016)","36820","Tablelands (R)","A","Annual","2009","2009",24103,,
"ERP","Estimated Resident Population","LGA2016","Local Government Areas (2016)","36910","Toowoomba (R)","A","Annual","2009","2009",152525,,
"ERP","Estimated Resident Population","LGA2016","Local Government Areas (2016)","36950","Torres (S)","A","Annual","2009","2009",3481,,
"ERP","Estimated Resident Population","LGA2016","Local Government Areas (2016)","36960","Torres Strait Island (R)","A","Annual","2009","2009",4609,,
"ERP","Estimated Resident Population","LGA2016","Local Government Areas (2016)","37010","Townsville (C)","A","Annual","2009","2009",173067,,
"ERP","Estimated Resident Population","LGA2016","Local Government Areas (2016)","37300","Weipa (T)","A","Annual","2009","2009",3303,,
"ERP","Estimated Resident Population","LGA2016","Local Government Areas (2016)","37310","Western Downs (R)","A","Annual","2009","2009",30893,,
"ERP","Estimated Resident Population","LGA2016","Local Government Areas (2016)","37340","Whitsunday (R)","A","Annual","2009","2009",31838,,
"ERP","Estimated Resident Population","LGA2016","Local Government Areas (2016)","37400","Winton (S)","A","Annual","2009","2009",1371,,
"ERP","Estimated Resident Population","LGA2016","Local Government Areas (2016)","37550","Woorabinda (S)","A","Annual","2009","2009",934,,
"ERP","Estimated Resident Population","LGA2016","Local Government Areas (2016)","37570","Wujal Wujal (S)","A","Annual","2009","2009",311,,
"ERP","Estimated Resident Population","LGA2016","Local Government Areas (2016)","37600","Yarrabah (S)","A","Annual","2009","2009",2535,,
"ERP","Estimated Resident Population","LGA2016","Local Government Areas (2016)","4","South Australia","A","Annual","2009","2009",1608902,,
"ERP","Estimated Resident Population","LGA2016","Local Government Areas (2016)","40070","Adelaide (C)","A","Annual","2009","2009",19914,,
"ERP","Estimated Resident Population","LGA2016","Local Government Areas (2016)","40120","Adelaide Hills (DC)","A","Annual","2009","2009",39424,,
"ERP","Estimated Resident Population","LGA2016","Local Government Areas (2016)","40220","Alexandrina (DC)","A","Annual","2009","2009",23027,,
"ERP","Estimated Resident Population","LGA2016","Local Government Areas (2016)","40250","Anangu Pitjantjatjara (AC)","A","Annual","2009","2009",2476,,
"ERP","Estimated Resident Population","LGA2016","Local Government Areas (2016)","40310","Barossa (DC)","A","Annual","2009","2009",21889,,
"ERP","Estimated Resident Population","LGA2016","Local Government Areas (2016)","40430","Barunga West (DC)","A","Annual","2009","2009",2560,,
"ERP","Estimated Resident Population","LGA2016","Local Government Areas (2016)","40520","Berri and Barmera (DC)","A","Annual","2009","2009",10902,,
"ERP","Estimated Resident Population","LGA2016","Local Government Areas (2016)","40700","Burnside (C)","A","Annual","2009","2009",43969,,
"ERP","Estimated Resident Population","LGA2016","Local Government Areas (2016)","40910","Campbelltown (C) (SA)","A","Annual","2009","2009",49067,,
"ERP","Estimated Resident Population","LGA2016","Local Government Areas (2016)","41010","Ceduna (DC)","A","Annual","2009","2009",3642,,
"ERP","Estimated Resident Population","LGA2016","Local Government Areas (2016)","41060","Charles Sturt (C)","A","Annual","2009","2009",106320,,
"ERP","Estimated Resident Population","LGA2016","Local Government Areas (2016)","41140","Clare and Gilbert Valleys (DC)","A","Annual","2009","2009",8622,,
"ERP","Estimated Resident Population","LGA2016","Local Government Areas (2016)","41190","Cleve (DC)","A","Annual","2009","2009",1877,,
"ERP","Estimated Resident Population","LGA2016","Local Government Areas (2016)","41330","Coober Pedy (DC)","A","Annual","2009","2009",1799,,
"ERP","Estimated Resident Population","LGA2016","Local Government Areas (2016)","41560","Copper Coast (DC)","A","Annual","2009","2009",12781,,
"ERP","Estimated Resident Population","LGA2016","Local Government Areas (2016)","41750","Elliston (DC)","A","Annual","2009","2009",1107,,
"ERP","Estimated Resident Population","LGA2016","Local Government Areas (2016)","41830","Flinders Ranges (DC)","A","Annual","2009","2009",1736,,
"ERP","Estimated Resident Population","LGA2016","Local Government Areas (2016)","41960","Franklin Harbour (DC)","A","Annual","2009","2009",1254,,
"ERP","Estimated Resident Population","LGA2016","Local Government Areas (2016)","42030","Gawler (T)","A","Annual","2009","2009",20755,,
"ERP","Estimated Resident Population","LGA2016","Local Government Areas (2016)","42110","Goyder (DC)","A","Annual","2009","2009",4246,,
"ERP","Estimated Resident Population","LGA2016","Local Government Areas (2016)","42250","Grant (DC)","A","Annual","2009","2009",7818,,
"ERP","Estimated Resident Population","LGA2016","Local Government Areas (2016)","42600","Holdfast Bay (C)","A","Annual","2009","2009",35650,,
"ERP","Estimated Resident Population","LGA2016","Local Government Areas (2016)","42750","Kangaroo Island (DC)","A","Annual","2009","2009",4477,,
"ERP","Estimated Resident Population","LGA2016","Local Government Areas (2016)","43080","Karoonda East Murray (DC)","A","Annual","2009","2009",1110,,
"ERP","Estimated Resident Population","LGA2016","Local Government Areas (2016)","43220","Kimba (DC)","A","Annual","2009","2009",1113,,
"ERP","Estimated Resident Population","LGA2016","Local Government Areas (2016)","43360","Kingston (DC) (SA)","A","Annual","2009","2009",2381,,
"ERP","Estimated Resident Population","LGA2016","Local Government Areas (2016)","43650","Light (RegC)","A","Annual","2009","2009",13464,,
"ERP","Estimated Resident Population","LGA2016","Local Government Areas (2016)","43710","Lower Eyre Peninsula (DC)","A","Annual","2009","2009",4809,,
"ERP","Estimated Resident Population","LGA2016","Local Government Areas (2016)","43790","Loxton Waikerie (DC)","A","Annual","2009","2009",11662,,
"ERP","Estimated Resident Population","LGA2016","Local Government Areas (2016)","43920","Mallala (DC)","A","Annual","2009","2009",8324,,
"ERP","Estimated Resident Population","LGA2016","Local Government Areas (2016)","44000","Maralinga Tjarutja (AC)","A","Annual","2009","2009",84,,
"ERP","Estimated Resident Population","LGA2016","Local Government Areas (2016)","44060","Marion (C)","A","Annual","2009","2009",83917,,
"ERP","Estimated Resident Population","LGA2016","Local Government Areas (2016)","44210","Mid Murray (DC)","A","Annual","2009","2009",8210,,
"ERP","Estimated Resident Population","LGA2016","Local Government Areas (2016)","44340","Mitcham (C)","A","Annual","2009","2009",64678,,
"ERP","Estimated Resident Population","LGA2016","Local Government Areas (2016)","44550","Mount Barker (DC)","A","Annual","2009","2009",29367,,
"ERP","Estimated Resident Population","LGA2016","Local Government Areas (2016)","44620","Mount Gambier (C)","A","Annual","2009","2009",25402,,
"ERP","Estimated Resident Population","LGA2016","Local Government Areas (2016)","44830","Mount Remarkable (DC)","A","Annual","2009","2009",2906,,
"ERP","Estimated Resident Population","LGA2016","Local Government Areas (2016)","45040","Murray Bridge (RC)","A","Annual","2009","2009",19556,,
"ERP","Estimated Resident Population","LGA2016","Local Government Areas (2016)","45090","Naracoorte and Lucindale (DC)","A","Annual","2009","2009",8304,,
"ERP","Estimated Resident Population","LGA2016","Local Government Areas (2016)","45120","Northern Areas (DC)","A","Annual","2009","2009",4660,,
"ERP","Estimated Resident Population","LGA2016","Local Government Areas (2016)","45290","Norwood Payneham St Peters (C)","A","Annual","2009","2009",35868,,
"ERP","Estimated Resident Population","LGA2016","Local Government Areas (2016)","45340","Onkaparinga (C)","A","Annual","2009","2009",159268,,
"ERP","Estimated Resident Population","LGA2016","Local Government Areas (2016)","45400","Orroroo/Carrieton (DC)","A","Annual","2009","2009",915,,
"ERP","Estimated Resident Population","LGA2016","Local Government Areas (2016)","45540","Peterborough (DC)","A","Annual","2009","2009",1838,,
"ERP","Estimated Resident Population","LGA2016","Local Government Areas (2016)","45680","Playford (C)","A","Annual","2009","2009",76574,,
"ERP","Estimated Resident Population","LGA2016","Local Government Areas (2016)","45890","Port Adelaide Enfield (C)","A","Annual","2009","2009",112299,,
"ERP","Estimated Resident Population","LGA2016","Local Government Areas (2016)","46090","Port Augusta (C)","A","Annual","2009","2009",14404,,
"ERP","Estimated Resident Population","LGA2016","Local Government Areas (2016)","46300","Port Lincoln (C)","A","Annual","2009","2009",14364,,
"ERP","Estimated Resident Population","LGA2016","Local Government Areas (2016)","46450","Port Pirie City and Dists (M)","A","Annual","2009","2009",17650,,
"ERP","Estimated Resident Population","LGA2016","Local Government Areas (2016)","46510","Prospect (C)","A","Annual","2009","2009",20634,,
"ERP","Estimated Resident Population","LGA2016","Local Government Areas (2016)","46670","Renmark Paringa (DC)","A","Annual","2009","2009",9567,,
"ERP","Estimated Resident Population","LGA2016","Local Government Areas (2016)","46860","Robe (DC)","A","Annual","2009","2009",1423,,
"ERP","Estimated Resident Population","LGA2016","Local Government Areas (2016)","46970","Roxby Downs (M)","A","Annual","2009","2009",4670,,
"ERP","Estimated Resident Population","LGA2016","Local Government Areas (2016)","47140","Salisbury (C)","A","Annual","2009","2009",128854,,
"ERP","Estimated Resident Population","LGA2016","Local Government Areas (2016)","47290","Southern Mallee (DC)","A","Annual","2009","2009",2155,,
"ERP","Estimated Resident Population","LGA2016","Local Government Areas (2016)","47490","Streaky Bay (DC)","A","Annual","2009","2009",2140,,
"ERP","Estimated Resident Population","LGA2016","Local Government Areas (2016)","47630","Tatiara (DC)","A","Annual","2009","2009",6841,,
"ERP","Estimated Resident Population","LGA2016","Local Government Areas (2016)","47700","Tea Tree Gully (C)","A","Annual","2009","2009",98640,,
"ERP","Estimated Resident Population","LGA2016","Local Government Areas (2016)","47800","The Coorong (DC)","A","Annual","2009","2009",5708,,
"ERP","Estimated Resident Population","LGA2016","Local Government Areas (2016)","47910","Tumby Bay (DC)","A","Annual","2009","2009",2618,,
"ERP","Estimated Resident Population","LGA2016","Local Government Areas (2016)","47980","Unley (C)","A","Annual","2009","2009",38113,,
"ERP","Estimated Resident Population","LGA2016","Local Government Areas (2016)","48050","Victor Harbor (C)","A","Annual","2009","2009",13508,,
"ERP","Estimated Resident Population","LGA2016","Local Government Areas (2016)","48130","Wakefield (DC)","A","Annual","2009","2009",6628,,
"ERP","Estimated Resident Population","LGA2016","Local Government Areas (2016)","48260","Walkerville (M)","A","Annual","2009","2009",7259,,
"ERP","Estimated Resident Population","LGA2016","Local Government Areas (2016)","48340","Wattle Range (DC)","A","Annual","2009","2009",12055,,
"ERP","Estimated Resident Population","LGA2016","Local Government Areas (2016)","48410","West Torrens (C)","A","Annual","2009","2009",55896,,
"ERP","Estimated Resident Population","LGA2016","Local Government Areas (2016)","48540","Whyalla (C)","A","Annual","2009","2009",22375,,
"ERP","Estimated Resident Population","LGA2016","Local Government Areas (2016)","48640","Wudinna (DC)","A","Annual","2009","2009",1295,,
"ERP","Estimated Resident Population","LGA2016","Local Government Areas (2016)","48750","Yankalilla (DC)","A","Annual","2009","2009",4442,,
"ERP","Estimated Resident Population","LGA2016","Local Government Areas (2016)","48830","Yorke Peninsula (DC)","A","Annual","2009","2009",11315,,
"ERP","Estimated Resident Population","LGA2016","Local Government Areas (2016)","49399","Unincorporated SA","A","Annual","2009","2009",4327,,
"ERP","Estimated Resident Population","LGA2016","Local Government Areas (2016)","5","Western Australia","A","Annual","2009","2009",2240250,,
"ERP","Estimated Resident Population","LGA2016","Local Government Areas (2016)","50080","Albany (C)","A","Annual","2009","2009",34164,,
"ERP","Estimated Resident Population","LGA2016","Local Government Areas (2016)","50210","Armadale (C)","A","Annual","2009","2009",58508,,
"ERP","Estimated Resident Population","LGA2016","Local Government Areas (2016)","50250","Ashburton (S)","A","Annual","2009","2009",9004,,
"ERP","Estimated Resident Population","LGA2016","Local Government Areas (2016)","50280","Augusta-Margaret River (S)","A","Annual","2009","2009",11766,,
"ERP","Estimated Resident Population","LGA2016","Local Government Areas (2016)","50350","Bassendean (T)","A","Annual","2009","2009",14626,,
"ERP","Estimated Resident Population","LGA2016","Local Government Areas (2016)","50420","Bayswater (C)","A","Annual","2009","2009",62708,,
"ERP","Estimated Resident Population","LGA2016","Local Government Areas (2016)","50490","Belmont (C)","A","Annual","2009","2009",35204,,
"ERP","Estimated Resident Population","LGA2016","Local Government Areas (2016)","50560","Beverley (S)","A","Annual","2009","2009",1643,,
"ERP","Estimated Resident Population","LGA2016","Local Government Areas (2016)","50630","Boddington (S)","A","Annual","2009","2009",1910,,
"ERP","Estimated Resident Population","LGA2016","Local Government Areas (2016)","50770","Boyup Brook (S)","A","Annual","2009","2009",1591,,
"ERP","Estimated Resident Population","LGA2016","Local Government Areas (2016)","50840","Bridgetown-Greenbushes (S)","A","Annual","2009","2009",4286,,
"ERP","Estimated Resident Population","LGA2016","Local Government Areas (2016)","50910","Brookton (S)","A","Annual","2009","2009",1007,,
"ERP","Estimated Resident Population","LGA2016","Local Government Areas (2016)","50980","Broome (S)","A","Annual","2009","2009",15172,,
"ERP","Estimated Resident Population","LGA2016","Local Government Areas (2016)","51080","Broomehill-Tambellup (S)","A","Annual","2009","2009",1198,,
"ERP","Estimated Resident Population","LGA2016","Local Government Areas (2016)","51120","Bruce Rock (S)","A","Annual","2009","2009",988,,
"ERP","Estimated Resident Population","LGA2016","Local Government Areas (2016)","51190","Bunbury (C)","A","Annual","2009","2009",31993,,
"ERP","Estimated Resident Population","LGA2016","Local Government Areas (2016)","51260","Busselton (C)","A","Annual","2009","2009",29596,,
"ERP","Estimated Resident Population","LGA2016","Local Government Areas (2016)","51310","Cambridge (T)","A","Annual","2009","2009",26093,,
"ERP","Estimated Resident Population","LGA2016","Local Government Areas (2016)","51330","Canning (C)","A","Annual","2009","2009",87242,,
"ERP","Estimated Resident Population","LGA2016","Local Government Areas (2016)","51400","Capel (S)","A","Annual","2009","2009",13274,,
"ERP","Estimated Resident Population","LGA2016","Local Government Areas (2016)","51470","Carnamah (S)","A","Annual","2009","2009",641,,
"ERP","Estimated Resident Population","LGA2016","Local Government Areas (2016)","51540","Carnarvon (S)","A","Annual","2009","2009",5972,,
"ERP","Estimated Resident Population","LGA2016","Local Government Areas (2016)","51610","Chapman Valley (S)","A","Annual","2009","2009",1141,,
"ERP","Estimated Resident Population","LGA2016","Local Government Areas (2016)","51680","Chittering (S)","A","Annual","2009","2009",4209,,
"ERP","Estimated Resident Population","LGA2016","Local Government Areas (2016)","51750","Claremont (T)","A","Annual","2009","2009",9716,,
"ERP","Estimated Resident Population","LGA2016","Local Government Areas (2016)","51820","Cockburn (C)","A","Annual","2009","2009",88935,,
"ERP","Estimated Resident Population","LGA2016","Local Government Areas (2016)","51890","Collie (S)","A","Annual","2009","2009",9122,,
"ERP","Estimated Resident Population","LGA2016","Local Government Areas (2016)","51960","Coolgardie (S)","A","Annual","2009","2009",4047,,
"ERP","Estimated Resident Population","LGA2016","Local Government Areas (2016)","52030","Coorow (S)","A","Annual","2009","2009",1146,,
"ERP","Estimated Resident Population","LGA2016","Local Government Areas (2016)","52100","Corrigin (S)","A","Annual","2009","2009",1146,,
"ERP","Estimated Resident Population","LGA2016","Local Government Areas (2016)","52170","Cottesloe (T)","A","Annual","2009","2009",8059,,
"ERP","Estimated Resident Population","LGA2016","Local Government Areas (2016)","52240","Cranbrook (S)","A","Annual","2009","2009",1113,,
"ERP","Estimated Resident Population","LGA2016","Local Government Areas (2016)","52310","Cuballing (S)","A","Annual","2009","2009",851,,
"ERP","Estimated Resident Population","LGA2016","Local Government Areas (2016)","52380","Cue (S)","A","Annual","2009","2009",303,,
"ERP","Estimated Resident Population","LGA2016","Local Government Areas (2016)","52450","Cunderdin (S)","A","Annual","2009","2009",1297,,
"ERP","Estimated Resident Population","LGA2016","Local Government Areas (2016)","52520","Dalwallinu (S)","A","Annual","2009","2009",1330,,
"ERP","Estimated Resident Population","LGA2016","Local Government Areas (2016)","52590","Dandaragan (S)","A","Annual","2009","2009",3203,,
"ERP","Estimated Resident Population","LGA2016","Local Government Areas (2016)","52660","Dardanup (S)","A","Annual","2009","2009",12144,,
"ERP","Estimated Resident Population","LGA2016","Local Government Areas (2016)","52730","Denmark (S)","A","Annual","2009","2009",5153,,
"ERP","Estimated Resident Population","LGA2016","Local Government Areas (2016)","52800","Derby-West Kimberley (S)","A","Annual","2009","2009",8698,,
"ERP","Estimated Resident Population","LGA2016","Local Government Areas (2016)","52870","Donnybrook-Balingup (S)","A","Annual","2009","2009",5245,,
"ERP","Estimated Resident Population","LGA2016","Local Government Areas (2016)","52940","Dowerin (S)","A","Annual","2009","2009",725,,
"ERP","Estimated Resident Population","LGA2016","Local Government Areas (2016)","53010","Dumbleyung (S)","A","Annual","2009","2009",637,,
"ERP","Estimated Resident Population","LGA2016","Local Government Areas (2016)","53080","Dundas (S)","A","Annual","2009","2009",1162,,
"ERP","Estimated Resident Population","LGA2016","Local Government Areas (2016)","53150","East Fremantle (T)","A","Annual","2009","2009",7244,,
"ERP","Estimated Resident Population","LGA2016","Local Government Areas (2016)","53220","East Pilbara (S)","A","Annual","2009","2009",10753,,
"ERP","Estimated Resident Population","LGA2016","Local Government Areas (2016)","53290","Esperance (S)","A","Annual","2009","2009",13721,,
"ERP","Estimated Resident Population","LGA2016","Local Government Areas (2016)","53360","Exmouth (S)","A","Annual","2009","2009",2317,,
"ERP","Estimated Resident Population","LGA2016","Local Government Areas (2016)","53430","Fremantle (C)","A","Annual","2009","2009",27607,,
"ERP","Estimated Resident Population","LGA2016","Local Government Areas (2016)","53570","Gingin (S)","A","Annual","2009","2009",4768,,
"ERP","Estimated Resident Population","LGA2016","Local Government Areas (2016)","53640","Gnowangerup (S)","A","Annual","2009","2009",1358,,
"ERP","Estimated Resident Population","LGA2016","Local Government Areas (2016)","53710","Goomalling (S)","A","Annual","2009","2009",1005,,
"ERP","Estimated Resident Population","LGA2016","Local Government Areas (2016)","53780","Gosnells (C)","A","Annual","2009","2009",105782,,
"ERP","Estimated Resident Population","LGA2016","Local Government Areas (2016)","53800","Greater Geraldton (C)","A","Annual","2009","2009",37512,,
"ERP","Estimated Resident Population","LGA2016","Local Government Areas (2016)","53920","Halls Creek (S)","A","Annual","2009","2009",3867,,
"ERP","Estimated Resident Population","LGA2016","Local Government Areas (2016)","53990","Harvey (S)","A","Annual","2009","2009",22624,,
"ERP","Estimated Resident Population","LGA2016","Local Government Areas (2016)","54060","Irwin (S)","A","Annual","2009","2009",3509,,
"ERP","Estimated Resident Population","LGA2016","Local Government Areas (2016)","54130","Jerramungup (S)","A","Annual","2009","2009",1107,,
"ERP","Estimated Resident Population","LGA2016","Local Government Areas (2016)","54170","Joondalup (C)","A","Annual","2009","2009",159156,,
"ERP","Estimated Resident Population","LGA2016","Local Government Areas (2016)","54200","Kalamunda (S)","A","Annual","2009","2009",54487,,
"ERP","Estimated Resident Population","LGA2016","Local Government Areas (2016)","54280","Kalgoorlie/Boulder (C)","A","Annual","2009","2009",31474,,
"ERP","Estimated Resident Population","LGA2016","Local Government Areas (2016)","54310","Karratha (C)","A","Annual","2009","2009",21996,,
"ERP","Estimated Resident Population","LGA2016","Local Government Areas (2016)","54340","Katanning (S)","A","Annual","2009","2009",4293,,
"ERP","Estimated Resident Population","LGA2016","Local Government Areas (2016)","54410","Kellerberrin (S)","A","Annual","2009","2009",1209,,
"ERP","Estimated Resident Population","LGA2016","Local Government Areas (2016)","54480","Kent (S)","A","Annual","2009","2009",560,,
"ERP","Estimated Resident Population","LGA2016","Local Government Areas (2016)","54550","Kojonup (S)","A","Annual","2009","2009",2069,,
"ERP","Estimated Resident Population","LGA2016","Local Government Areas (2016)","54620","Kondinin (S)","A","Annual","2009","2009",1043,,
"ERP","Estimated Resident Population","LGA2016","Local Government Areas (2016)","54690","Koorda (S)","A","Annual","2009","2009",448,,
"ERP","Estimated Resident Population","LGA2016","Local Government Areas (2016)","54760","Kulin (S)","A","Annual","2009","2009",855,,
"ERP","Estimated Resident Population","LGA2016","Local Government Areas (2016)","54830","Kwinana (C)","A","Annual","2009","2009",28047,,
"ERP","Estimated Resident Population","LGA2016","Local Government Areas (2016)","54900","Lake Grace (S)","A","Annual","2009","2009",1415,,
"ERP","Estimated Resident Population","LGA2016","Local Government Areas (2016)","54970","Laverton (S)","A","Annual","2009","2009",1072,,
"ERP","Estimated Resident Population","LGA2016","Local Government Areas (2016)","55040","Leonora (S)","A","Annual","2009","2009",2136,,
"ERP","Estimated Resident Population","LGA2016","Local Government Areas (2016)","55110","Mandurah (C)","A","Annual","2009","2009",68218,,
"ERP","Estimated Resident Population","LGA2016","Local Government Areas (2016)","55180","Manjimup (S)","A","Annual","2009","2009",9623,,
"ERP","Estimated Resident Population","LGA2016","Local Government Areas (2016)","55250","Meekatharra (S)","A","Annual","2009","2009",1321,,
"ERP","Estimated Resident Population","LGA2016","Local Government Areas (2016)","55320","Melville (C)","A","Annual","2009","2009",99882,,
"ERP","Estimated Resident Population","LGA2016","Local Government Areas (2016)","55390","Menzies (S)","A","Annual","2009","2009",351,,
"ERP","Estimated Resident Population","LGA2016","Local Government Areas (2016)","55460","Merredin (S)","A","Annual","2009","2009",3348,,
"ERP","Estimated Resident Population","LGA2016","Local Government Areas (2016)","55530","Mingenew (S)","A","Annual","2009","2009",476,,
"ERP","Estimated Resident Population","LGA2016","Local Government Areas (2016)","55600","Moora (S)","A","Annual","2009","2009",2537,,
"ERP","Estimated Resident Population","LGA2016","Local Government Areas (2016)","55670","Morawa (S)","A","Annual","2009","2009",879,,
"ERP","Estimated Resident Population","LGA2016","Local Government Areas (2016)","55740","Mosman Park (T)","A","Annual","2009","2009",9082,,
"ERP","Estimated Resident Population","LGA2016","Local Government Areas (2016)","55810","Mount Magnet (S)","A","Annual","2009","2009",669,,
"ERP","Estimated Resident Population","LGA2016","Local Government Areas (2016)","55880","Mount Marshall (S)","A","Annual","2009","2009",581,,
"ERP","Estimated Resident Population","LGA2016","Local Government Areas (2016)","55950","Mukinbudin (S)","A","Annual","2009","2009",537,,
"ERP","Estimated Resident Population","LGA2016","Local Government Areas (2016)","56090","Mundaring (S)","A","Annual","2009","2009",37466,,
"ERP","Estimated Resident Population","LGA2016","Local Government Areas (2016)","56160","Murchison (S)","A","Annual","2009","2009",112,,
"ERP","Estimated Resident Population","LGA2016","Local Government Areas (2016)","56230","Murray (S)","A","Annual","2009","2009",14144,,
"ERP","Estimated Resident Population","LGA2016","Local Government Areas (2016)","56300","Nannup (S)","A","Annual","2009","2009",1296,,
"ERP","Estimated Resident Population","LGA2016","Local Government Areas (2016)","56370","Narembeen (S)","A","Annual","2009","2009",846,,
"ERP","Estimated Resident Population","LGA2016","Local Government Areas (2016)","56460","Narrogin (S)","A","Annual","2009","2009",5282,,
"ERP","Estimated Resident Population","LGA2016","Local Government Areas (2016)","56580","Nedlands (C)","A","Annual","2009","2009",21763,,
"ERP","Estimated Resident Population","LGA2016","Local Government Areas (2016)","56620","Ngaanyatjarraku (S)","A","Annual","2009","2009",1494,,
"ERP","Estimated Resident Population","LGA2016","Local Government Areas (2016)","56730","Northam (S)","A","Annual","2009","2009",10553,,
"ERP","Estimated Resident Population","LGA2016","Local Government Areas (2016)","56790","Northampton (S)","A","Annual","2009","2009",3309,,
"ERP","Estimated Resident Population","LGA2016","Local Government Areas (2016)","56860","Nungarin (S)","A","Annual","2009","2009",238,,
"ERP","Estimated Resident Population","LGA2016","Local Government Areas (2016)","56930","Peppermint Grove (S)","A","Annual","2009","2009",1633,,
"ERP","Estimated Resident Population","LGA2016","Local Government Areas (2016)","57000","Perenjori (S)","A","Annual","2009","2009",773,,
"ERP","Estimated Resident Population","LGA2016","Local Government Areas (2016)","57080","Perth (C)","A","Annual","2009","2009",16902,,
"ERP","Estimated Resident Population","LGA2016","Local Government Areas (2016)","57140","Pingelly (S)","A","Annual","2009","2009",1209,,
"ERP","Estimated Resident Population","LGA2016","Local Government Areas (2016)","57210","Plantagenet (S)","A","Annual","2009","2009",4974,,
"ERP","Estimated Resident Population","LGA2016","Local Government Areas (2016)","57280","Port Hedland (T)","A","Annual","2009","2009",14825,,
"ERP","Estimated Resident Population","LGA2016","Local Government Areas (2016)","57350","Quairading (S)","A","Annual","2009","2009",1080,,
"ERP","Estimated Resident Population","LGA2016","Local Government Areas (2016)","57420","Ravensthorpe (S)","A","Annual","2009","2009",2171,,
"ERP","Estimated Resident Population","LGA2016","Local Government Areas (2016)","57490","Rockingham (C)","A","Annual","2009","2009",100639,,
"ERP","Estimated Resident Population","LGA2016","Local Government Areas (2016)","57630","Sandstone (S)","A","Annual","2009","2009",113,,
"ERP","Estimated Resident Population","LGA2016","Local Government Areas (2016)","57700","Serpentine-Jarrahdale (S)","A","Annual","2009","2009",16487,,
"ERP","Estimated Resident Population","LGA2016","Local Government Areas (2016)","57770","Shark Bay (S)","A","Annual","2009","2009",883,,
"ERP","Estimated Resident Population","LGA2016","Local Government Areas (2016)","57840","South Perth (C)","A","Annual","2009","2009",42925,,
"ERP","Estimated Resident Population","LGA2016","Local Government Areas (2016)","57910","Stirling (C)","A","Annual","2009","2009",200137,,
"ERP","Estimated Resident Population","LGA2016","Local Government Areas (2016)","57980","Subiaco (C)","A","Annual","2009","2009",18435,,
"ERP","Estimated Resident Population","LGA2016","Local Government Areas (2016)","58050","Swan (C)","A","Annual","2009","2009",108331,,
"ERP","Estimated Resident Population","LGA2016","Local Government Areas (2016)","58190","Tammin (S)","A","Annual","2009","2009",422,,
"ERP","Estimated Resident Population","LGA2016","Local Government Areas (2016)","58260","Three Springs (S)","A","Annual","2009","2009",663,,
"ERP","Estimated Resident Population","LGA2016","Local Government Areas (2016)","58330","Toodyay (S)","A","Annual","2009","2009",4450,,
"ERP","Estimated Resident Population","LGA2016","Local Government Areas (2016)","58400","Trayning (S)","A","Annual","2009","2009",370,,
"ERP","Estimated Resident Population","LGA2016","Local Government Areas (2016)","58470","Upper Gascoyne (S)","A","Annual","2009","2009",262,,
"ERP","Estimated Resident Population","LGA2016","Local Government Areas (2016)","58510","Victoria Park (T)","A","Annual","2009","2009",32751,,
"ERP","Estimated Resident Population","LGA2016","Local Government Areas (2016)","58540","Victoria Plains (S)","A","Annual","2009","2009",940,,
"ERP","Estimated Resident Population","LGA2016","Local Government Areas (2016)","58570","Vincent (C)","A","Annual","2009","2009",32000,,
"ERP","Estimated Resident Population","LGA2016","Local Government Areas (2016)","58610","Wagin (S)","A","Annual","2009","2009",1910,,
"ERP","Estimated Resident Population","LGA2016","Local Government Areas (2016)","58680","Wandering (S)","A","Annual","2009","2009",417,,
"ERP","Estimated Resident Population","LGA2016","Local Government Areas (2016)","58760","Wanneroo (C)","A","Annual","2009","2009",145855,,
"ERP","Estimated Resident Population","LGA2016","Local Government Areas (2016)","58820","Waroona (S)","A","Annual","2009","2009",3660,,
"ERP","Estimated Resident Population","LGA2016","Local Government Areas (2016)","58890","West Arthur (S)","A","Annual","2009","2009",883,,
"ERP","Estimated Resident Population","LGA2016","Local Government Areas (2016)","59030","Westonia (S)","A","Annual","2009","2009",265,,
"ERP","Estimated Resident Population","LGA2016","Local Government Areas (2016)","59100","Wickepin (S)","A","Annual","2009","2009",759,,
"ERP","Estimated Resident Population","LGA2016","Local Government Areas (2016)","59170","Williams (S)","A","Annual","2009","2009",929,,
"ERP","Estimated Resident Population","LGA2016","Local Government Areas (2016)","59250","Wiluna (S)","A","Annual","2009","2009",1009,,
"ERP","Estimated Resident Population","LGA2016","Local Government Areas (2016)","59310","Wongan-Ballidu (S)","A","Annual","2009","2009",1439,,
"ERP","Estimated Resident Population","LGA2016","Local Government Areas (2016)","59320","Woodanilling (S)","A","Annual","2009","2009",430,,
"ERP","Estimated Resident Population","LGA2016","Local Government Areas (2016)","59330","Wyalkatchem (S)","A","Annual","2009","2009",531,,
"ERP","Estimated Resident Population","LGA2016","Local Government Areas (2016)","59340","Wyndham-East Kimberley (S)","A","Annual","2009","2009",8066,,
"ERP","Estimated Resident Population","LGA2016","Local Government Areas (2016)","59350","Yalgoo (S)","A","Annual","2009","2009",351,,
"ERP","Estimated Resident Population","LGA2016","Local Government Areas (2016)","59360","Yilgarn (S)","A","Annual","2009","2009",1602,,
"ERP","Estimated Resident Population","LGA2016","Local Government Areas (2016)","59370","York (S)","A","Annual","2009","2009",3360,,
"ERP","Estimated Resident Population","LGA2016","Local Government Areas (2016)","6","Tasmania","A","Annual","2009","2009",504353,,
"ERP","Estimated Resident Population","LGA2016","Local Government Areas (2016)","60210","Break O'Day (M)","A","Annual","2009","2009",6401,,
"ERP","Estimated Resident Population","LGA2016","Local Government Areas (2016)","60410","Brighton (M)","A","Annual","2009","2009",15192,,
"ERP","Estimated Resident Population","LGA2016","Local Government Areas (2016)","60610","Burnie (C)","A","Annual","2009","2009",20005,,
"ERP","Estimated Resident Population","LGA2016","Local Government Areas (2016)","60810","Central Coast (M) (Tas.)","A","Annual","2009","2009",22179,,
"ERP","Estimated Resident Population","LGA2016","Local Government Areas (2016)","61010","Central Highlands (M) (Tas.)","A","Annual","2009","2009",2357,,
"ERP","Estimated Resident Population","LGA2016","Local Government Areas (2016)","61210","Circular Head (M)","A","Annual","2009","2009",8374,,
"ERP","Estimated Resident Population","LGA2016","Local Government Areas (2016)","61410","Clarence (C)","A","Annual","2009","2009",51765,,
"ERP","Estimated Resident Population","LGA2016","Local Government Areas (2016)","61510","Derwent Valley (M)","A","Annual","2009","2009",9861,,
"ERP","Estimated Resident Population","LGA2016","Local Government Areas (2016)","61610","Devonport (C)","A","Annual","2009","2009",25658,,
"ERP","Estimated Resident Population","LGA2016","Local Government Areas (2016)","61810","Dorset (M)","A","Annual","2009","2009",7202,,
"ERP","Estimated Resident Population","LGA2016","Local Government Areas (2016)","62010","Flinders (M) (Tas.)","A","Annual","2009","2009",849,,
"ERP","Estimated Resident Population","LGA2016","Local Government Areas (2016)","62210","George Town (M)","A","Annual","2009","2009",6829,,
"ERP","Estimated Resident Population","LGA2016","Local Government Areas (2016)","62410","Glamorgan/Spring Bay (M)","A","Annual","2009","2009",4463,,
"ERP","Estimated Resident Population","LGA2016","Local Government Areas (2016)","62610","Glenorchy (C)","A","Annual","2009","2009",44947,,
"ERP","Estimated Resident Population","LGA2016","Local Government Areas (2016)","62810","Hobart (C)","A","Annual","2009","2009",49917,,
"ERP","Estimated Resident Population","LGA2016","Local Government Areas (2016)","63010","Huon Valley (M)","A","Annual","2009","2009",15392,,
"ERP","Estimated Resident Population","LGA2016","Local Government Areas (2016)","63210","Kentish (M)","A","Annual","2009","2009",6301,,
"ERP","Estimated Resident Population","LGA2016","Local Government Areas (2016)","63410","King Island (M)","A","Annual","2009","2009",1672,,
"ERP","Estimated Resident Population","LGA2016","Local Government Areas (2016)","63610","Kingborough (M)","A","Annual","2009","2009",33431,,
"ERP","Estimated Resident Population","LGA2016","Local Government Areas (2016)","63810","Latrobe (M) (Tas.)","A","Annual","2009","2009",9694,,
"ERP","Estimated Resident Population","LGA2016","Local Government Areas (2016)","64010","Launceston (C)","A","Annual","2009","2009",66452,,
"ERP","Estimated Resident Population","LGA2016","Local Government Areas (2016)","64210","Meander Valley (M)","A","Annual","2009","2009",19477,,
"ERP","Estimated Resident Population","LGA2016","Local Government Areas (2016)","64610","Northern Midlands (M)","A","Annual","2009","2009",12638,,
"ERP","Estimated Resident Population","LGA2016","Local Government Areas (2016)","64810","Sorell (M)","A","Annual","2009","2009",12934,,
"ERP","Estimated Resident Population","LGA2016","Local Government Areas (2016)","65010","Southern Midlands (M)","A","Annual","2009","2009",6141,,
"ERP","Estimated Resident Population","LGA2016","Local Government Areas (2016)","65210","Tasman (M)","A","Annual","2009","2009",2400,,
"ERP","Estimated Resident Population","LGA2016","Local Government Areas (2016)","65410","Waratah/Wynyard (M)","A","Annual","2009","2009",14295,,
"ERP","Estimated Resident Population","LGA2016","Local Government Areas (2016)","65610","West Coast (M)","A","Annual","2009","2009",5107,,
"ERP","Estimated Resident Population","LGA2016","Local Government Areas (2016)","65810","West Tamar (M)","A","Annual","2009","2009",22420,,
"ERP","Estimated Resident Population","LGA2016","Local Government Areas (2016)","7","Northern Territory","A","Annual","2009","2009",226027,,
"ERP","Estimated Resident Population","LGA2016","Local Government Areas (2016)","70200","Alice Springs (T)","A","Annual","2009","2009",28068,,
"ERP","Estimated Resident Population","LGA2016","Local Government Areas (2016)","70420","Barkly (R)","A","Annual","2009","2009",7842,,
"ERP","Estimated Resident Population","LGA2016","Local Government Areas (2016)","70540","Belyuen (S)","A","Annual","2009","2009",203,,
"ERP","Estimated Resident Population","LGA2016","Local Government Areas (2016)","70620","Central Desert (R)","A","Annual","2009","2009",4360,,
"ERP","Estimated Resident Population","LGA2016","Local Government Areas (2016)","70700","Coomalie (S)","A","Annual","2009","2009",1262,,
"ERP","Estimated Resident Population","LGA2016","Local Government Areas (2016)","71000","Darwin (C)","A","Annual","2009","2009",76775,,
"ERP","Estimated Resident Population","LGA2016","Local Government Areas (2016)","71300","East Arnhem (R)","A","Annual","2009","2009",10054,,
"ERP","Estimated Resident Population","LGA2016","Local Government Areas (2016)","72200","Katherine (T)","A","Annual","2009","2009",10345,,
"ERP","Estimated Resident Population","LGA2016","Local Government Areas (2016)","72300","Litchfield (M)","A","Annual","2009","2009",19203,,
"ERP","Estimated Resident Population","LGA2016","Local Government Areas (2016)","72330","MacDonnell (R)","A","Annual","2009","2009",6732,,
"ERP","Estimated Resident Population","LGA2016","Local Government Areas (2016)","72800","Palmerston (C)","A","Annual","2009","2009",28636,,
"ERP","Estimated Resident Population","LGA2016","Local Government Areas (2016)","73600","Roper Gulf (R)","A","Annual","2009","2009",6936,,
"ERP","Estimated Resident Population","LGA2016","Local Government Areas (2016)","74050","Tiwi Islands (R)","A","Annual","2009","2009",2777,,
"ERP","Estimated Resident Population","LGA2016","Local Government Areas (2016)","74550","Victoria Daly (R)","A","Annual","2009","2009",3421,,
"ERP","Estimated Resident Population","LGA2016","Local Government Areas (2016)","74560","Wagait (S)","A","Annual","2009","2009",383,,
"ERP","Estimated Resident Population","LGA2016","Local Government Areas (2016)","74660","West Arnhem (R)","A","Annual","2009","2009",6888,,
"ERP","Estimated Resident Population","LGA2016","Local Government Areas (2016)","74680","West Daly (R)","A","Annual","2009","2009",3319,,
"ERP","Estimated Resident Population","LGA2016","Local Government Areas (2016)","79399","Unincorporated NT","A","Annual","2009","2009",8823,,
"ERP","Estimated Resident Population","LGA2016","Local Government Areas (2016)","8","Australian Capital Territory","A","Annual","2009","2009",354785,,
"ERP","Estimated Resident Population","LGA2016","Local Government Areas (2016)","89399","Unincorporated ACT","A","Annual","2009","2009",354785,,
"ERP","Estimated Resident Population","LGA2016","Local Government Areas (2016)","9","Other Territories","A","Annual","2009","2009",2876,,
"ERP","Estimated Resident Population","LGA2016","Local Government Areas (2016)","99399","Unincorp. Other Territories","A","Annual","2009","2009",2876,,
"ERP","Estimated Resident Population","LGA2016","Local Government Areas (2016)","39499","No usual address (Qld)","A","Annual","2009","2009",0,,
"ERP","Estimated Resident Population","LGA2016","Local Government Areas (2016)","69499","No usual address (Tas.)","A","Annual","2009","2009",0,,
"ERP","Estimated Resident Population","LGA2016","Local Government Areas (2016)","49499","No usual address (SA)","A","Annual","2009","2009",0,,
"ERP","Estimated Resident Population","LGA2016","Local Government Areas (2016)","79499","No usual address (NT)","A","Annual","2009","2009",0,,
"ERP","Estimated Resident Population","LGA2016","Local Government Areas (2016)","19499","No usual address (NSW)","A","Annual","2009","2009",0,,
"ERP","Estimated Resident Population","LGA2016","Local Government Areas (2016)","89499","No usual address (ACT)","A","Annual","2009","2009",0,,
"ERP","Estimated Resident Population","LGA2016","Local Government Areas (2016)","99499","No usual address (OT)","A","Annual","2009","2009",0,,
"ERP","Estimated Resident Population","LGA2016","Local Government Areas (2016)","29499","No usual address (Vic.)","A","Annual","2009","2009",0,,
"ERP","Estimated Resident Population","LGA2016","Local Government Areas (2016)","59499","No usual address (WA)","A","Annual","2009","2009",0,,
